SWB_1_1,SWB_2_1,PANAS_1,PANAS_2,PANAS_3,PANAS_4,PANAS_5,POS_1,POS_2,POS_3,POS_4,POS_5,Network_1,Network_2,Network_3,Network_4,Network_5,Network_6,Network_7,Network_8,Network_9,SEC_1,SEC_2,SEC_3,SEC_4,SEC_5,SEC_6,SEC_7,SEC_8,CIVIC_1,CIVIC_2,CIVIC_3
,,,,,,,,,,,,,,,,,,,,,,,,,,,,,,,
,,,,,,,,,,,,,,,,,,,,,,,,,,,,,,,
,,,,,,,,,,,,,,,,,,,,,,,,,,,,,,,
4,3,3,2,2,5,5,4,3,2,4,4,4,5,5,4,4,4,2,3,4,,,,,,,,,4,4,4
3,4,3,3,2,4,2,3,2,3,4,5,4,4,4,4,4,4,4,5,5,95,80,80,95,90,80,95,95,3,3,4
2,3,3,3,4,5,3,4,4,2,2,2,5,4,4,4,4,4,4,4,4,,,,,,,,,4,3,3
4,3,3,3,2,4,4,4,3,2,4,4,4,4,4,3,5,4,3,4,4,,,,,,,,,1,1,1
5,4,4,2,2,5,5,4,4,2,3,5,5,5,4,4,3,4,2,5,4,80,70,80,80,90,90,70,60,3,3,3
2,2,4,4,4,5,1,2,1,3,4,3,2,2,4,2,4,5,4,4,3,70,52,60,30,30,25,70,40,4,4,4
4,2,2,4,4,5,3,4,3,3,4,4,4,5,5,5,3,4,4,2,2,,,,,,,,,4,4,4
3,3,3,4,4,5,4,4,3,4,2,4,5,4,5,2,3,3,1,5,5,,,,,,,,,4,4,4
4,3,4,3,3,4,4,4,4,1,4,4,4,5,4,4,4,5,4,5,5,86,72,82,100,100,100,100,100,3,3,3
3,3,3,3,1,5,5,4,3,1,2,4,5,5,3,3,5,4,3,5,5,89,89,80,100,62,36,59,37,3,2,4
4,3,4,3,1,4,3,5,3,2,3,5,5,4,4,4,4,5,2,5,5,63,51,47,68,88,93,76,71,4,4,4
4,3,4,3,2,4,4,4,4,3,3,4,5,4,4,4,4,4,1,4,4,90,72,78,50,,70,80,63,3,3,3
2,2,3,2,4,5,4,4,2,2,2,3,4,5,4,4,4,4,4,5,4,75,78,79,60,88,73,84,93,4,4,4
3,2,3,4,2,5,5,4,4,2,3,4,5,5,5,3,4,4,4,5,5,85,85,100,72,94,79,83,93,4,4,4
4,3,3,3,1,4,3,4,3,3,2,4,5,5,4,2,4,4,3,5,5,80,75,100,50,100,100,100,90,4,4,4
4,3,3,3,3,3,4,4,4,2,1,5,5,4,4,2,4,5,4,4,4,,,,,,,,,4,4,4
5,4,4,3,1,3,3,4,4,3,4,4,5,4,3,4,5,5,2,4,5,,,,,,,,,4,4,4
1,5,4,3,2,3,5,5,4,3,5,5,5,5,5,5,3,4,2,4,4,90,100,100,100,100,80,100,100,4,4,4
4,4,3,3,2,4,5,4,2,2,2,5,5,5,4,4,4,4,4,5,5,,,,,,,,,4,3,4
4,4,4,3,2,3,4,4,4,1,4,5,5,3,2,2,3,4,1,5,4,,,,,,,,,4,4,4
3,3,2,4,4,4,3,1,2,3,3,2,5,5,3,3,3,5,5,2,2,100,100,97,50,90,76,70,70,4,4,4
5,4,4,3,2,5,5,5,3,2,5,5,5,5,,5,5,5,4,5,5,100,100,100,100,100,100,100,65,4,4,4
4,4,4,3,1,3,3,4,4,2,4,4,5,4,4,3,4,4,2,4,4,,,,,,,,,3,3,3
4,5,3,3,2,5,3,4,3,2,1,1,4,4,5,4,3,4,2,4,5,,,,,,,,,4,3,4
4,5,4,2,2,4,3,5,5,2,4,5,5,4,4,2,4,5,1,4,4,,,,,,,,,4,3,3
3,3,3,3,3,4,5,4,3,3,3,4,5,4,3,3,4,4,3,4,4,75,82,88,73,82,76,76,83,3,4,4
1,4,5,3,2,4,5,4,3,2,4,5,5,4,4,3,4,5,2,4,4,,,,,,,,,4,3,3
4,4,4,2,1,4,3,5,3,2,3,5,5,4,3,4,4,4,2,4,5,61,75,82,84,82,69,73,67,3,3,3
4,3,3,3,2,3,4,4,4,2,4,4,5,5,5,4,4,4,3,4,4,,,,,,,,,3,3,3
4,3,4,3,2,4,4,4,3,4,5,5,5,5,5,5,4,5,3,4,4,,,,,,,,,3,3,3
5,4,4,2,1,5,4,5,4,2,4,5,5,4,4,3,4,4,2,4,5,,,,,,,,,3,4,3
4,3,4,3,2,4,4,1,4,2,3,4,5,4,5,4,3,4,2,4,5,79,93,89,98,100,58,81,34,4,4,4
5,5,5,3,3,5,5,5,5,2,5,5,5,5,5,5,5,5,2,5,5,,,,,,,,,4,4,4
3,3,3,3,3,4,4,4,4,2,3,4,4,5,5,4,4,5,4,5,5,92,88,97,27,81,85,90,81,4,4,4
4,3,4,3,2,4,5,3,2,2,3,3,5,2,4,4,2,5,1,4,5,,,,,,,,,3,4,4
4,4,3,3,2,5,3,4,4,4,3,4,3,3,3,3,2,4,3,4,4,,,,,,,,,4,4,4
5,5,5,1,1,1,5,5,5,1,5,5,5,5,5,5,5,5,1,5,5,100,81,100,100,100,100,100,100,4,4,4
3,2,3,4,4,4,3,4,3,3,3,3,4,3,2,2,3,4,5,2,3,,,,,,,,,3,3,3
5,5,4,3,1,4,4,4,3,2,5,5,5,5,5,5,5,5,1,5,5,100,100,59,82,96,70,92,92,4,4,4
5,5,4,2,1,4,4,5,4,2,5,5,5,5,5,4,5,5,3,4,5,,,,,,,,,4,4,4
4,3,4,3,2,4,4,5,5,5,4,4,5,5,5,5,5,5,4,4,4,90,90,90,91,100,89,89,89,4,4,4
3,2,4,3,2,3,3,3,3,3,3,3,5,3,3,4,4,5,4,3,4,47,38,70,46,69,76,51,77,4,4,4
1,3,4,4,3,4,5,4,3,2,3,3,5,5,5,4,4,5,4,4,5,100,100,100,90,100,100,100,100,4,4,4
5,4,3,3,3,4,3,4,4,3,4,4,4,2,2,1,3,5,4,3,3,75,80,65,70,70,75,70,60,4,4,4
4,2,4,4,4,4,4,4,4,3,4,4,4,5,5,4,2,4,4,4,4,72,73,75,7,77,78,79,81,3,3,3
4,4,4,3,2,4,4,4,4,2,4,4,5,4,3,3,5,4,2,4,5,,,,,,,,,4,4,4
4,4,3,3,3,3,3,4,3,4,4,4,4,4,3,3,3,3,4,4,2,,,,,,,,,3,3,3
3,2,2,3,4,5,2,3,3,3,3,3,4,4,5,5,4,4,5,3,4,,,,,,,,,3,3,3
5,4,4,3,2,3,5,5,5,3,5,5,5,5,5,5,5,5,3,5,5,90,90,100,100,100,100,92,100,4,4,4
3,2,2,5,5,5,3,1,3,4,4,4,4,4,4,4,4,3,4,4,4,,,,,,,,,4,4,4
1,2,2,4,4,5,2,3,2,4,2,4,5,4,4,4,3,3,4,4,4,,,,,,,,,3,4,4
4,4,4,2,1,3,2,5,4,2,3,4,5,2,2,2,4,5,3,3,4,80,40,70,90,90,90,80,70,4,4,4
5,3,5,3,2,3,5,5,5,3,4,4,5,5,5,4,4,4,2,5,5,92,100,85,100,83,100,89,100,4,4,4
3,2,3,4,1,4,3,3,3,2,3,2,3,2,4,4,4,3,4,3,3,,,,,,,,,4,4,4
4,3,4,3,3,4,3,3,2,3,2,4,4,4,4,3,4,5,4,4,5,90,75,80,100,90,80,95,90,4,3,4
4,3,3,3,3,4,4,4,3,3,2,5,5,3,5,5,5,2,4,4,2,,,,,,,,,4,4,4
4,3,4,3,2,3,5,4,4,3,5,5,5,4,4,4,4,4,2,4,4,87,90,96,100,86,80,82,78,3,4,4
4,3,3,3,3,4,4,3,3,2,3,3,3,3,4,4,4,4,4,3,4,,,,,,,,,4,3,4
1,1,1,4,3,5,2,3,2,4,2,2,2,2,2,2,2,2,3,4,2,,,,,,,,,2,3,2
4,3,3,4,3,4,2,4,2,4,3,4,2,4,4,2,4,3,5,4,4,,,,,,,,,3,3,3
3,2,3,4,4,5,3,3,2,4,2,2,3,4,3,4,2,2,5,4,2,80,95,91,58,78,26,87,47,3,3,2
4,4,3,2,2,4,3,4,4,2,3,4,5,5,4,4,5,5,2,4,4,,,,,,,,,4,4,4
2,2,3,3,2,5,4,3,2,2,4,5,4,5,5,5,2,3,2,3,4,,,,,,,,,4,4,4
4,3,3,3,4,4,3,3,3,2,4,4,4,4,4,4,4,4,4,4,4,,,,,,,,,4,3,4
2,5,4,4,3,2,3,5,1,3,2,4,5,4,5,3,1,3,3,1,1,100,100,100,25,100,50,90,70,4,4,4
4,4,4,2,2,4,4,4,4,2,4,4,4,4,4,4,4,4,2,3,3,,,,,,,,,2,2,2
4,3,4,3,1,4,5,4,2,4,4,4,4,4,2,2,3,5,4,5,5,81,76,82,91,96,67,93,78,3,3,3
4,3,4,3,2,4,4,4,4,2,3,4,4,4,3,2,4,4,2,4,5,84,71,75,60,86,69,91,68,4,4,4
2,3,3,3,3,4,3,3,3,2,2,2,2,2,2,2,3,4,4,2,3,,,,,,,,,3,3,3
4,3,4,3,2,5,3,4,3,4,2,3,4,4,5,4,4,2,2,3,3,,,,,,,,,3,4,3
5,4,4,2,2,4,4,4,3,2,4,5,5,4,5,3,3,4,1,4,4,80,69,86,55,79,97,50,90,3,4,4
2,1,2,4,5,5,5,4,2,4,1,1,2,4,3,4,4,5,5,1,3,90,100,96,50,82,64,100,100,4,4,4
4,2,4,2,1,3,4,5,4,1,4,4,3,4,4,3,5,5,1,4,5,90,77,69,87,90,65,88,75,4,4,4
4,4,4,3,2,3,4,4,4,2,5,5,3,2,3,2,3,4,4,4,4,95,66,79,64,58,84,79,100,3,3,3
4,3,3,4,4,4,3,3,2,2,3,4,4,4,4,2,4,4,4,4,4,,,,,,,,,4,4,3
4,3,4,3,3,3,4,4,2,4,3,4,4,4,4,4,3,4,2,4,4,81,92,82,38,65,68,75,53,3,3,3
2,2,3,4,4,5,3,3,3,5,2,1,3,4,4,4,3,2,4,3,3,40,91,16,1,90,81,82,82,4,3,4
3,4,4,4,2,5,3,4,2,4,2,4,5,4,5,3,4,5,4,3,3,,,,,,,,,4,4,4
4,4,3,3,3,4,4,3,3,3,4,4,4,3,4,4,3,3,5,3,4,,,,,,,,,3,3,3
4,4,3,3,2,4,4,4,4,2,3,4,4,5,5,5,4,3,3,3,3,,,,,,,,,3,3,3
2,2,3,4,4,5,3,4,2,3,3,3,4,4,5,3,3,4,3,3,3,79,92,77,48,85,88,71,71,3,3,4
5,4,5,2,1,3,4,4,4,1,3,4,5,5,4,5,3,5,1,5,5,81,83,51,22,100,55,100,73,4,4,4
4,3,3,3,2,5,4,5,4,1,4,3,5,5,5,5,4,4,3,4,4,81,72,90,100,83,82,95,95,3,3,3
5,3,4,3,1,4,4,5,4,1,4,4,5,5,4,3,5,5,2,4,4,80,60,70,10,81,94,95,74,3,3,3
3,3,3,4,3,5,2,4,3,3,3,3,4,4,3,3,4,4,2,4,4,,,,,,,,,4,3,4
4,3,4,3,3,5,4,3,2,2,3,4,4,4,2,3,4,2,5,3,3,90,90,75,20,60,65,91,75,3,3,3
3,3,2,4,3,4,3,2,1,3,3,3,2,4,2,4,4,4,5,1,2,,,,,,,,,3,3,4
4,3,4,3,2,4,4,4,4,2,4,4,4,4,4,3,4,4,3,4,4,68,61,66,72,65,81,78,76,3,4,3
4,2,3,4,3,5,4,4,2,3,3,3,2,4,4,4,4,3,2,4,4,78,100,45,82,100,64,86,39,4,3,4
4,4,4,2,1,4,5,5,5,2,5,5,5,5,4,5,4,4,1,4,4,,,,,,,,,3,3,3
5,5,4,3,2,4,4,4,2,2,3,5,4,4,4,4,2,5,4,4,5,,,,,,,,,4,4,4
4,4,4,3,3,4,3,4,2,2,3,4,5,5,5,5,4,5,2,5,5,,,,,,,,,4,4,4
4,2,3,3,1,5,4,4,2,5,4,4,4,4,3,3,4,4,4,4,4,,,,,,,,,4,4,3
5,4,4,2,1,4,5,5,4,1,4,5,5,5,4,5,5,5,2,5,5,,,,,,,,,3,4,4
1,4,4,2,1,5,5,4,3,2,4,5,5,1,2,2,5,5,2,5,5,100,100,100,59,100,100,100,78,3,4,3
4,4,3,3,2,5,2,5,4,4,3,4,5,4,3,3,5,5,4,4,5,96,89,97,82,92,97,100,93,4,3,3
4,4,4,2,2,4,4,4,4,1,4,4,5,4,4,4,4,5,3,3,4,91,89,71,100,85,72,100,100,4,4,4
4,4,4,2,1,3,5,4,4,4,4,5,5,5,4,5,5,5,4,5,5,,,,,,,,,3,3,3
4,3,4,3,2,4,3,4,2,4,4,4,5,5,5,4,5,5,4,5,5,,,,,,,,,4,4,3
4,3,3,3,3,4,3,4,2,3,2,3,4,3,3,4,2,5,4,4,4,,,,,,,,,3,3,3
4,2,2,3,3,4,3,4,3,2,2,1,4,3,4,3,4,4,4,3,4,,,,,,,,,3,3,3
4,4,4,3,3,4,4,4,2,2,4,4,4,4,4,3,3,3,4,3,3,40,40,60,50,63,52,60,79,3,3,3
4,4,4,3,1,3,3,3,2,2,4,4,5,2,2,2,3,4,2,4,4,,,,,,,,,4,3,4
4,4,4,3,3,3,4,4,4,2,4,4,5,5,5,5,5,5,3,4,4,82,75,81,89,82,93,94,93,4,4,4
4,4,4,3,2,4,4,4,3,2,3,4,4,4,4,3,4,5,3,5,4,71,85,90,60,91,58,77,60,3,3,3
3,3,3,3,3,4,2,3,2,3,2,3,3,4,3,4,4,4,2,4,4,75,75,89,78,91,86,87,86,4,3,4
4,5,3,3,3,4,2,4,4,2,4,4,5,4,4,2,4,5,4,4,4,38,30,94,77,83,75,90,82,4,4,4
5,5,5,2,1,3,5,5,4,1,5,5,4,5,5,5,4,4,2,5,5,40,60,100,60,95,90,89,55,3,4,4
4,4,4,3,3,4,4,4,3,1,4,4,4,4,4,4,4,4,4,4,5,70,80,60,80,80,75,75,60,3,4,3
5,4,4,3,3,3,5,4,4,3,5,5,5,4,4,3,4,4,4,3,4,60,50,60,80,56,70,75,65,3,3,3
2,2,4,4,2,5,4,4,4,2,4,4,4,5,4,4,3,4,5,3,3,70,80,65,75,75,70,85,85,3,3,3
3,3,3,4,4,4,3,4,3,1,4,2,4,4,3,3,3,4,4,4,4,,,,,,,,,4,3,4
2,2,2,4,4,5,3,3,3,2,3,3,4,4,4,3,4,2,4,2,3,,,,,,,,,4,3,4
4,3,4,3,2,4,4,3,2,2,3,4,4,4,4,4,4,4,3,4,3,83,83,80,31,62,66,80,48,3,3,3
5,4,4,3,2,4,5,4,4,2,4,5,5,5,5,4,5,4,2,5,5,62,53,100,60,82,42,59,32,3,4,4
1,4,4,3,2,4,3,4,2,2,4,4,4,3,3,2,5,5,4,4,4,,,,,,,,,3,3,3
4,3,4,2,1,5,3,4,4,3,4,4,3,4,4,3,3,4,2,4,4,82,69,70,100,85,91,85,71,3,3,2
3,2,4,3,3,3,3,4,4,3,3,3,4,4,3,2,4,3,4,4,3,,,,,,,,,3,3,3
5,5,4,3,2,3,5,3,2,1,5,5,5,4,5,5,5,5,3,5,4,,,,,,,,,4,4,4
4,2,4,3,3,5,3,3,1,2,2,2,5,4,4,1,3,4,2,5,5,70,80,85,40,100,85,80,25,3,3,3
4,2,4,3,2,4,4,4,3,2,3,4,5,4,3,4,4,5,1,5,5,85,75,85,60,90,80,70,66,4,3,3
4,4,4,3,2,5,5,5,4,2,3,4,5,4,4,3,4,4,2,2,5,86,87,95,100,94,91,85,88,4,4,4
3,2,3,4,4,5,3,2,1,4,2,3,4,3,3,3,5,5,3,3,3,100,74,72,100,73,73,73,72,4,3,3
4,4,4,3,1,4,5,4,3,2,5,5,4,3,4,3,3,4,2,4,4,80,80,80,82,96,94,91,85,4,4,4
3,2,4,3,2,5,3,4,3,2,4,5,5,5,5,3,5,5,4,4,4,90,90,75,90,100,100,90,75,4,4,4
5,5,5,2,2,4,4,4,4,3,4,4,5,5,5,5,5,5,2,4,4,100,90,99,91,98,100,100,100,4,4,4
5,4,4,2,2,4,3,5,4,2,3,4,5,4,2,1,2,4,3,2,4,100,90,100,100,100,100,100,90,4,3,4
5,3,4,2,1,4,3,3,3,2,3,4,4,3,2,2,4,4,3,4,4,30,46,55,70,77,60,47,68,3,3,3
4,2,4,2,1,3,4,4,3,3,3,4,5,2,3,2,2,5,1,4,4,85,80,80,90,80,70,90,70,4,4,3
4,3,4,3,2,5,4,5,4,4,4,5,5,5,5,3,3,4,2,5,4,92,71,100,100,100,92,100,93,4,3,4
5,3,4,2,2,4,3,5,3,3,4,5,5,4,4,3,5,5,2,5,5,90,90,90,80,95,80,90,70,4,3,3
4,3,4,4,2,4,3,4,5,3,2,4,4,4,3,5,5,5,3,4,5,70,65,85,70,95,80,55,95,4,4,4
4,3,4,2,2,3,4,4,4,1,4,3,4,4,4,4,4,2,4,4,4,90,85,75,60,70,73,70,65,3,3,3
3,3,2,3,3,4,3,2,3,3,2,4,4,3,4,3,4,4,4,4,4,,,,,,,,,4,4,4
3,2,4,3,3,5,4,5,3,4,1,3,4,2,5,2,3,4,5,4,5,82,59,48,1,100,18,100,8,3,2,3
2,2,3,3,5,5,2,3,2,2,2,3,2,2,3,4,4,4,5,2,4,,,,,,,,,3,3,3
4,3,4,4,2,4,3,4,3,2,4,4,4,3,4,2,3,4,4,4,4,,,,,,,,,3,3,3
2,3,3,3,3,3,3,5,3,2,1,1,5,5,5,5,2,5,3,3,3,85,100,100,63,89,53,59,85,4,3,2
4,3,4,2,1,3,3,4,4,2,3,4,5,5,4,5,4,5,2,4,4,81,90,80,85,95,90,65,70,3,2,3
4,3,4,4,4,5,3,2,2,2,3,4,5,4,4,4,3,4,2,5,5,70,90,100,50,100,50,50,30,3,3,4
4,3,4,2,2,3,3,4,4,2,3,5,5,4,2,4,2,2,2,4,4,45,15,75,61,64,51,60,56,3,3,3
3,2,2,4,4,5,3,3,3,3,3,3,4,5,5,5,3,3,4,3,4,71,80,81,50,90,75,80,84,3,3,3
3,2,3,3,3,4,3,4,3,2,3,3,4,4,4,3,4,4,2,4,4,71,81,80,65,90,70,85,85,4,3,3
5,3,4,3,3,4,4,4,3,3,4,4,5,4,5,2,4,3,1,4,4,,,,,,,,,4,4,4
3,2,3,5,4,5,3,4,2,1,1,3,3,3,4,4,2,3,4,2,3,31,53,62,40,55,31,28,38,4,4,4
3,3,2,3,3,4,3,5,1,4,5,4,4,4,5,4,4,5,4,5,5,,,,,,,,,4,4,4
4,4,4,3,2,3,3,5,4,3,4,5,5,3,4,4,3,4,2,3,4,,,,,,,,,3,3,3
4,3,3,3,3,4,3,3,2,3,3,4,4,2,3,4,4,4,4,4,4,,,,,,,,,4,4,4
3,3,4,3,4,5,3,2,2,5,2,2,5,3,4,4,3,4,4,4,3,35,36,74,51,80,100,63,25,3,4,3
4,2,4,3,3,4,4,4,3,5,3,5,4,4,4,3,4,4,4,3,4,83,85,83,70,82,82,71,66,4,4,4
4,4,4,2,1,4,5,4,3,3,4,5,5,5,5,5,5,5,2,4,4,85,85,100,50,100,50,80,50,4,4,4
2,2,2,3,4,4,1,3,2,3,2,3,3,4,5,2,2,4,5,4,3,67,53,100,38,94,45,100,65,4,3,3
3,2,3,2,3,4,2,3,2,3,4,4,4,3,3,3,5,4,3,5,5,,10,60,10,50,50,10,0,3,3,3
4,3,4,4,2,4,3,4,4,2,3,4,5,2,2,2,4,4,3,4,4,90,81,74,92,75,74,89,35,3,3,3
4,4,4,4,2,5,5,4,4,2,4,5,3,2,1,1,4,5,5,5,5,60,50,50,100,100,39,20,100,3,2,2
4,5,4,4,4,4,4,4,3,1,2,2,5,3,2,1,3,4,3,4,4,,,,,,,,,4,4,4
5,4,4,2,2,3,3,4,2,3,3,5,5,4,4,3,4,5,3,4,5,85,71,89,94,98,79,86,74,4,4,4
4,4,4,3,1,5,4,4,2,2,4,4,5,5,4,3,4,3,1,4,4,90,75,100,70,100,92,76,85,4,4,4
2,2,4,3,3,4,5,5,3,1,2,4,5,5,5,5,5,5,1,4,5,77,79,100,48,67,62,90,32,4,4,4
4,4,4,3,2,4,4,4,4,2,3,4,4,4,4,4,4,5,4,4,5,100,100,100,91,86,93,95,87,3,3,3
2,2,3,3,3,5,3,3,1,5,1,3,4,4,3,3,1,2,4,3,3,,,,,,,,,3,3,3
4,4,4,3,3,3,5,4,4,2,3,4,4,5,5,5,4,4,2,5,5,80,90,100,65,100,100,95,90,4,4,4
4,3,3,3,4,5,4,5,3,3,3,4,2,5,4,4,3,4,4,2,2,65,60,50,80,75,50,60,75,4,4,4
3,2,3,4,1,5,3,4,3,5,4,5,4,3,3,2,4,4,2,4,4,62,86,78,68,72,43,91,76,4,3,3
4,3,4,3,3,3,5,5,4,1,5,5,5,5,5,5,5,4,4,4,5,91,90,84,100,70,79,92,85,4,4,4
4,2,3,3,4,5,3,4,2,3,4,4,5,4,4,4,2,3,4,4,4,82,77,78,93,81,69,75,20,4,4,4
4,2,3,3,3,3,4,3,2,2,2,2,5,4,5,4,3,3,5,4,4,,,,,,,,,4,3,4
3,2,3,,1,5,2,2,2,4,2,3,4,2,2,1,2,3,4,2,2,75,89,68,51,76,76,90,98,4,4,4
4,2,3,3,3,4,3,4,2,3,3,3,4,4,3,3,3,3,4,3,3,25,65,30,30,50,45,75,35,3,3,3
4,4,4,2,2,3,4,4,4,3,4,4,5,4,4,4,4,4,1,4,4,,,,,,,,,4,3,3
4,3,4,3,2,3,4,4,4,3,4,4,5,4,3,3,4,4,1,5,5,81,67,53,53,78,65,72,87,3,3,3
2,3,3,3,3,4,2,3,3,3,2,3,4,4,5,3,3,4,3,4,4,50,60,75,25,75,40,40,60,3,3,3
2,3,2,3,3,5,2,4,2,3,2,2,3,4,3,3,1,1,4,2,2,,,,,,,,,4,4,4
4,3,4,2,1,3,3,4,4,3,3,4,5,3,3,2,4,5,3,4,5,,,,,,,,,3,2,3
4,4,4,3,3,3,5,2,2,4,3,3,4,4,4,3,4,2,4,3,3,,,,,,,,,3,3,3
4,4,4,3,2,3,4,3,3,2,3,3,3,3,3,3,4,4,3,4,4,,,,,,,,,4,4,4
5,5,5,2,2,2,5,5,5,2,5,5,5,5,5,3,5,5,1,4,4,99,,94,15,41,66,80,30,4,3,3
4,4,4,3,3,3,4,4,3,2,4,4,4,4,5,5,5,5,2,4,4,71,84,90,70,74,73,73,72,3,3,3
5,3,4,3,2,4,3,4,4,2,5,4,5,5,5,5,5,5,1,5,5,85,85,86,87,86,87,86,87,4,4,4
5,5,4,2,1,2,5,5,5,5,5,5,5,5,5,5,5,5,1,5,5,100,100,100,80,100,80,100,80,3,3,3
1,4,4,2,2,3,5,4,3,2,5,4,5,3,3,2,5,3,1,5,5,,,,,,,,,4,4,3
4,3,3,4,4,5,3,2,3,2,3,3,2,4,3,2,3,3,4,2,2,20,11,30,50,50,40,30,30,3,3,3
4,3,3,3,3,4,4,3,3,3,4,5,5,3,5,2,2,3,3,4,4,85,100,93,90,90,85,100,100,3,4,4
5,4,4,2,2,3,5,4,4,2,5,5,5,4,4,4,5,5,1,4,5,70,70,85,70,85,70,85,85,3,3,3
4,3,4,2,1,4,3,5,3,4,3,4,5,5,4,4,5,5,2,4,5,,,,,,,,,3,3,3
5,5,4,4,2,4,4,4,4,2,4,4,4,4,5,4,2,3,3,3,3,,,,,,,,,3,3,3
3,2,3,3,3,5,3,4,3,3,3,3,5,4,4,4,4,4,4,5,5,85,85,85,87,86,66,86,93,4,4,4
3,3,4,3,3,4,4,3,3,3,4,4,3,3,3,3,3,4,4,4,4,55,88,73,37,44,60,57,90,3,4,4
4,2,3,3,2,3,2,5,4,2,3,4,4,4,4,4,4,4,4,4,4,71,71,70,81,73,71,75,73,4,3,4
4,4,4,2,1,5,5,4,4,1,3,5,5,4,4,3,4,4,2,5,4,92,99,100,99,90,91,89,90,4,4,4
5,5,4,2,1,1,4,5,4,2,5,5,4,4,4,4,4,4,1,4,4,90,80,100,80,90,80,90,95,3,3,4
3,2,3,4,4,5,3,5,3,1,3,3,4,4,4,4,1,2,4,4,4,,,,,,,,,4,3,3
4,3,3,4,4,5,3,4,2,4,1,2,4,4,4,3,3,4,3,4,4,90,85,80,100,85,70,80,70,3,3,3
4,4,4,2,3,3,5,4,3,2,3,4,5,5,5,5,5,5,1,5,5,71,100,100,72,100,89,100,100,4,4,4
2,3,4,4,4,4,3,2,1,1,2,4,5,4,5,3,4,5,4,2,5,90,90,95,100,100,85,85,90,4,4,4
4,4,3,4,4,5,2,5,2,2,2,4,4,4,4,4,4,4,4,4,4,100,100,100,34,100,100,100,50,4,4,4
5,5,4,3,1,2,4,4,4,2,5,5,5,5,4,4,5,5,1,4,5,,,,,,,,,4,4,4
4,2,3,3,3,3,3,4,4,4,4,4,4,4,4,4,4,4,4,4,4,78,73,74,32,79,83,81,79,3,3,3
5,5,4,2,1,3,4,4,3,2,4,5,5,4,4,3,5,5,1,5,5,,,,,,,,,4,4,4
3,2,4,4,2,5,4,3,2,4,3,3,4,3,3,3,4,5,4,2,4,,,,,,,,,3,3,3
4,4,3,3,3,3,1,3,2,3,3,3,4,4,4,4,3,5,2,3,3,,,,,,,,,4,4,4
3,1,4,4,4,5,4,3,2,2,1,3,2,4,5,2,4,1,4,5,2,,,,,,,,,3,3,4
4,3,4,3,2,5,3,4,3,3,2,4,4,4,4,4,3,4,3,4,4,65,60,80,70,70,50,85,70,3,3,4
4,3,4,4,3,5,4,5,3,3,4,5,4,5,5,5,2,2,3,4,3,85,90,75,50,98,65,100,100,3,3,4
3,5,4,4,4,3,2,5,3,4,3,4,5,4,5,2,1,3,3,2,3,92,92,90,70,91,50,81,65,4,4,4
5,4,3,3,3,5,3,4,3,1,4,3,1,5,5,3,5,5,3,5,5,,,,,,,,,4,3,3
4,4,3,4,3,3,4,4,2,4,4,4,4,3,3,2,3,5,2,5,5,,,,,,,,,4,4,4
5,4,4,2,2,2,5,5,4,2,5,5,5,5,4,4,5,5,1,5,5,91,82,100,83,93,100,84,80,4,4,4
4,4,3,3,3,3,3,3,4,4,3,4,3,3,3,2,3,3,3,3,2,,,,,,,,,4,3,3
4,3,3,3,3,4,3,4,3,4,3,4,5,5,5,5,4,4,4,4,4,59,60,72,63,61,72,71,50,3,3,4
4,4,4,3,1,3,4,4,4,2,4,4,4,5,4,4,4,4,2,4,4,,,,,,,,,4,4,4
1,2,3,3,3,5,2,3,2,3,2,3,2,2,2,2,2,1,5,2,2,80,75,90,30,80,69,70,85,3,3,3
5,4,4,3,2,4,4,5,4,4,5,5,5,5,5,5,4,5,4,4,4,85,94,95,99,100,90,95,97,4,4,4
4,2,3,3,3,5,3,4,3,2,4,4,4,4,4,4,4,4,3,4,5,90,85,85,65,100,95,85,75,4,4,3
5,4,3,3,2,4,4,4,2,2,4,4,5,4,4,4,4,4,2,4,4,82,64,94,92,88,89,87,87,3,3,3
1,4,4,3,1,3,4,4,3,3,4,4,4,5,5,4,4,4,3,4,4,90,70,90,50,67,73,90,33,3,2,3
1,3,4,2,2,3,3,4,3,3,3,4,4,3,3,4,4,4,1,3,4,80,80,80,100,80,100,80,100,4,3,3
3,2,2,3,3,4,2,4,3,1,2,3,5,5,4,3,4,2,3,3,3,100,90,100,38,100,100,88,93,4,4,4
4,3,4,3,2,3,4,5,4,3,4,4,5,5,5,4,4,4,3,2,3,90,85,85,50,75,60,90,80,3,3,3
4,2,3,3,3,3,3,3,3,3,3,4,5,4,4,4,5,5,3,4,4,82,71,91,85,89,87,72,67,3,3,4
3,3,3,3,3,3,2,4,4,2,3,4,4,4,4,3,3,4,3,4,4,78,68,74,50,60,74,76,62,3,3,3
3,3,2,3,4,4,1,4,2,2,4,5,5,4,3,2,4,2,2,3,2,92,92,92,100,100,100,100,100,3,2,4
5,3,4,2,2,4,4,5,4,2,4,4,4,4,3,3,4,5,2,5,5,64,82,92,70,93,79,69,63,4,3,4
4,4,4,3,3,4,3,4,3,4,4,4,5,5,4,4,4,4,4,5,4,68,64,95,87,73,58,91,82,4,4,4
4,3,3,3,3,3,5,2,2,2,5,5,4,5,5,5,4,4,4,4,4,100,100,100,100,100,100,100,100,3,3,3
4,4,4,4,4,4,4,4,4,4,4,4,4,4,4,4,4,4,4,4,4,78,82,85,76,33,60,43,29,3,3,3
2,2,3,4,3,5,3,5,3,2,4,4,4,3,4,4,4,5,4,4,3,,,,,,,,,3,4,3
4,3,3,4,4,5,4,3,2,3,3,3,2,4,4,3,2,2,5,2,2,41,58,52,33,59,90,47,47,4,4,4
5,5,4,3,3,5,4,5,5,2,4,4,5,5,5,4,2,3,4,2,1,86,74,90,100,66,72,88,92,4,3,4
4,3,3,4,4,4,3,4,4,2,4,4,4,4,4,4,4,4,3,4,4,77,71,72,66,100,78,67,85,4,3,4
3,4,2,4,4,3,3,5,4,1,2,4,4,4,4,2,5,5,4,4,4,90,90,90,80,90,90,90,80,4,3,3
,,,,,,,,,,,,,,,,,,,,,,,,,,,,,,,
4,3,3,4,4,5,4,5,2,3,3,5,5,4,3,3,4,5,2,4,5,90,80,100,100,80,70,80,50,4,4,4
4,4,4,2,2,5,3,2,2,1,3,3,5,2,3,1,4,4,2,4,4,,,,,,,,,3,3,3
,,,,,,,,,,,,,,,,,,,,,,,,,,,,,,,
,,,,,,,,,,,,,,,,,,,,,,,,,,,,,,,
,,,,,,,,,,,,,,,,,,,,,,,,,,,,,,,
,,,,,,,,,,,,,,,,,,,,,,,,,,,,,,,
,,,,,,,,,,,,,,,,,,,,,,,,,,,,,,,
,,,,,,,,,,,,,,,,,,,,,,,,,,,,,,,
,,,,,,,,,,,,,,,,,,,,,,,,,,,,,,,
,,,,,,,,,,,,,,,,,,,,,,,,,,,,,,,
,,,,,,,,,,,,,,,,,,,,,,,,,,,,,,,
,,,,,,,,,,,,,,,,,,,,,,,,,,,,,,,
,,,,,,,,,,,,,,,,,,,,,,,,,,,,,,,
,,,,,,,,,,,,,,,,,,,,,,,,,,,,,,,
,,,,,,,,,,,,,,,,,,,,,,,,,,,,,,,
,,,,,,,,,,,,,,,,,,,,,,,,,,,,,,,
,,,,,,,,,,,,,,,,,,,,,,,,,,,,,,,
,,,,,,,,,,,,,,,,,,,,,,,,,,,,,,,
,,,,,,,,,,,,,,,,,,,,,,,,,,,,,,,
,,,,,,,,,,,,,,,,,,,,,,,,,,,,,,,
,,,,,,,,,,,,,,,,,,,,,,,,,,,,,,,
,,,,,,,,,,,,,,,,,,,,,,,,,,,,,,,
,,,,,,,,,,,,,,,,,,,,,,,,,,,,,,,
,,,,,,,,,,,,,,,,,,,,,,,,,,,,,,,
,,,,,,,,,,,,,,,,,,,,,,,,,,,,,,,
5,4,4,3,3,3,5,4,3,2,4,5,5,4,4,4,4,5,2,5,5,85,88,100,100,100,100,90,75,4,4,4
4,2,3,3,2,4,3,4,3,3,4,3,5,5,4,4,4,5,4,4,4,61,44,71,35,56,71,76,80,3,3,3
,,,,,,,,,,,,,,,,,,,,,,,,,,,,,,,
,,,,,,,,,,,,,,,,,,,,,,,,,,,,,,,
,,,,,,,,,,,,,,,,,,,,,,,,,,,,,,,
,,,,,,,,,,,,,,,,,,,,,,,,,,,,,,,
,,,,,,,,,,,,,,,,,,,,,,,,,,,,,,,
5,4,3,5,5,5,5,4,3,3,1,2,5,4,4,2,2,3,5,4,3,94,75,88,100,95,46,100,93,4,4,4
3,2,4,2,1,4,3,3,2,2,2,2,5,2,3,2,3,2,2,2,2,85,85,85,55,85,60,85,75,4,4,4
,,,,,,,,,,,,,,,,,,,,,,,,,,,,,,,
,,,,,,,,,,,,,,,,,,,,,,,,,,,,,,,
5,4,4,2,2,3,4,4,4,1,4,4,5,3,2,3,4,5,1,5,5,61,61,93,56,74,73,49,39,3,3,3
4,4,4,3,3,3,5,4,2,1,4,4,5,5,5,5,5,5,4,4,4,50,50,75,100,75,75,75,75,3,3,3
,,,,,,,,,,,,,,,,,,,,,,,,,,,,,,,
,,,,,,,,,,,,,,,,,,,,,,,,,,,,,,,
,,,,,,,,,,,,,,,,,,,,,,,,,,,,,,,
,,,,,,,,,,,,,,,,,,,,,,,,,,,,,,,
,,,,,,,,,,,,,,,,,,,,,,,,,,,,,,,
,,,,,,,,,,,,,,,,,,,,,,,,,,,,,,,
,,,,,,,,,,,,,,,,,,,,,,,,,,,,,,,
,,,,,,,,,,,,,,,,,,,,,,,,,,,,,,,
,,,,,,,,,,,,,,,,,,,,,,,,,,,,,,,
,,,,,,,,,,,,,,,,,,,,,,,,,,,,,,,
,,,,,,,,,,,,,,,,,,,,,,,,,,,,,,,
,,,,,,,,,,,,,,,,,,,,,,,,,,,,,,,
,,,,,,,,,,,,,,,,,,,,,,,,,,,,,,,
,,,,,,,,,,,,,,,,,,,,,,,,,,,,,,,
,,,,,,,,,,,,,,,,,,,,,,,,,,,,,,,
,,,,,,,,,,,,,,,,,,,,,,,,,,,,,,,
,,,,,,,,,,,,,,,,,,,,,,,,,,,,,,,
,,,,,,,,,,,,,,,,,,,,,,,,,,,,,,,
,,,,,,,,,,,,,,,,,,,,,,,,,,,,,,,
,,,,,,,,,,,,,,,,,,,,,,,,,,,,,,,
,,,,,,,,,,,,,,,,,,,,,,,,,,,,,,,
,,,,,,,,,,,,,,,,,,,,,,,,,,,,,,,
,,,,,,,,,,,,,,,,,,,,,,,,,,,,,,,
,,,,,,,,,,,,,,,,,,,,,,,,,,,,,,,
,,,,,,,,,,,,,,,,,,,,,,,,,,,,,,,
5,4,4,2,1,3,4,5,4,2,5,5,5,3,2,2,5,5,1,5,5,100,100,100,100,100,100,100,90,4,4,4
,,,,,,,,,,,,,,,,,,,,,,,,,,,,,,,
4,1,4,4,3,5,5,2,3,2,5,5,5,3,4,4,4,5,1,5,5,78,70,94,73,87,84,99,80,4,4,4
4,3,3,3,3,4,2,5,3,2,3,4,5,3,3,3,4,4,3,4,4,70,60,80,50,80,70,80,50,3,3,3
3,3,3,3,3,3,3,3,3,3,3,3,4,3,4,3,4,4,4,3,4,55,70,74,45,64,67,27,42,3,3,3
4,4,4,2,1,2,4,3,3,3,3,3,3,3,3,3,3,3,3,3,3,100,100,100,80,100,100,100,100,4,4,4
3,2,2,4,4,4,4,1,3,3,2,2,1,4,5,3,3,5,5,1,2,50,52,52,29,32,71,34,34,4,4,4
4,4,4,3,2,4,4,5,4,3,4,4,5,5,5,4,5,5,2,5,5,,,,,,,,,4,4,4
4,3,3,4,4,4,3,5,3,2,4,4,5,3,4,4,4,4,3,2,2,50,70,70,60,60,40,50,70,4,4,4
,,,,,,,,,,,,,,,,,,,,,,,,,,,,,,,
4,3,4,2,2,3,3,3,3,3,3,4,5,5,3,3,5,5,3,5,5,80,80,80,60,80,80,80,70,3,3,3
5,5,4,2,1,4,5,5,5,3,5,5,5,4,4,2,5,5,3,5,5,100,100,100,100,100,100,100,88,4,4,4
4,4,4,4,4,4,4,4,4,4,4,4,4,4,4,4,4,4,4,4,4,100,100,100,100,100,100,100,,4,4,4
1,1,1,4,4,5,2,4,2,4,1,1,2,5,5,4,3,2,5,1,2,75,26,68,1,85,60,100,60,3,3,3
5,5,4,2,1,3,4,3,4,2,5,5,5,3,4,4,5,4,3,2,4,89,98,85,80,91,100,73,69,4,3,3
,,,,,,,,,,,,,,,,,,,,,,,,,,,,,,,
4,3,4,2,2,3,4,4,4,2,4,5,3,4,3,3,3,4,3,3,4,50,59,90,83,96,71,85,63,3,3,3
5,4,4,2,1,4,5,5,5,5,5,5,5,5,5,5,5,5,5,5,5,83,84,85,85,85,85,86,66,4,4,4
4,4,3,4,4,3,3,4,4,3,4,5,4,4,5,5,5,5,5,5,5,90,63,100,73,96,69,65,55,4,4,4
,,,,,,,,,,,,,,,,,,,,,,,,,,,,,,,
5,5,5,2,1,3,5,4,5,5,5,5,5,3,2,2,3,5,2,5,5,45,60,100,100,100,45,100,100,4,4,4
4,4,4,2,2,3,2,4,3,2,4,4,5,4,3,3,4,3,2,4,4,75,70,85,85,85,90,75,85,3,3,3
4,3,4,2,2,4,4,3,2,2,3,4,4,2,2,2,1,3,5,5,3,80,64,70,85,100,90,100,83,3,3,3
4,3,4,3,2,3,3,4,3,2,3,4,5,3,3,3,4,4,3,4,4,80,70,95,60,80,75,80,70,3,3,3
3,3,3,3,3,4,5,4,3,3,3,2,4,4,4,3,4,4,1,3,4,70,70,90,30,70,50,30,51,4,4,4
1,1,3,4,4,5,2,2,3,4,3,4,4,1,3,1,3,4,5,3,2,90,85,85,80,95,95,95,90,3,3,4
5,5,4,2,1,2,4,5,4,1,4,5,5,5,4,3,4,5,1,4,5,100,95,100,100,100,100,100,95,4,4,4